statement_id,n_participants,mean_x,mean_y,sd_x,sd_y
69593ddde0762f0fda4a8b45,14,2.4285714285714284,6.5,0.646206172658864,1.0919284281983377
